{
  "accuracy": 76.22461170848268,
  "confusion_matrix": [
    [
      51,
      0,
      10,
      0,
      3,
      19,
      0,
      16,
      0,
      1
    ],
    [
      0,
      21,
      6,
      0,
      0,
      2,
      0,
      0,
      0,
      4
    ],
    [
      1,
      0,
      82,
      1,
      7,
      0,
      0,
      0,
      8,
      1
    ],
    [
      1,
      0,
      5,
      87,
      2,
      0,
      1,
      0,
      0,
      4
    ],
    [
      2,
      0,
      1,
      0,
      90,
      0,
      0,
      0,
      4,
      3
    ],
    [
      3,
      0,
      0,
      1,
      13,
      68,
      0,
      2,
      6,
      0
    ],
    [
      0,
      0,
      0,
      0,
      0,
      0,
      32,
      0,
      0,
      0
    ],
    [
      0,
      0,
      0,
      0,
      14,
      0,
      0,
      82,
      0,
      0
    ],
    [
      0,
      1,
      22,
      6,
      7,
      0,
      1,
      0,
      46,
      0
    ],
    [
      0,
      2,
      10,
      1,
      5,
      0,
      0,
      0,
      3,
      79
    ]
  ],
  "classification_report": {
    "air_conditioner": {
      "precision": 0.8793103448275862,
      "recall": 0.51,
      "f1-score": 0.6455696202531646,
      "support": 100.0
    },
    "car_horn": {
      "precision": 0.875,
      "recall": 0.6363636363636364,
      "f1-score": 0.7368421052631579,
      "support": 33.0
    },
    "children_playing": {
      "precision": 0.6029411764705882,
      "recall": 0.82,
      "f1-score": 0.6949152542372882,
      "support": 100.0
    },
    "dog_bark": {
      "precision": 0.90625,
      "recall": 0.87,
      "f1-score": 0.8877551020408163,
      "support": 100.0
    },
    "drilling": {
      "precision": 0.6382978723404256,
      "recall": 0.9,
      "f1-score": 0.7468879668049793,
      "support": 100.0
    },
    "engine_idling": {
      "precision": 0.7640449438202247,
      "recall": 0.7311827956989247,
      "f1-score": 0.7472527472527473,
      "support": 93.0
    },
    "gun_shot": {
      "precision": 0.9411764705882353,
      "recall": 1.0,
      "f1-score": 0.9696969696969697,
      "support": 32.0
    },
    "jackhammer": {
      "precision": 0.82,
      "recall": 0.8541666666666666,
      "f1-score": 0.8367346938775511,
      "support": 96.0
    },
    "siren": {
      "precision": 0.6865671641791045,
      "recall": 0.5542168674698795,
      "f1-score": 0.6133333333333333,
      "support": 83.0
    },
    "street_music": {
      "precision": 0.8586956521739131,
      "recall": 0.79,
      "f1-score": 0.8229166666666666,
      "support": 100.0
    },
    "accuracy": 0.7622461170848268,
    "macro avg": {
      "precision": 0.7972283624400077,
      "recall": 0.7665929966199108,
      "f1-score": 0.7701904459426674,
      "support": 837.0
    },
    "weighted avg": {
      "precision": 0.7817244994530722,
      "recall": 0.7622461170848268,
      "f1-score": 0.7597111783485015,
      "support": 837.0
    }
  },
  "test_fold": 10,
  "n_samples": 837,
  "n_crops": 10
}